Model,BLEU-1,BLEU-2,BLEU-3,BLEU-4,CIDEr
1-gram (Ours),0.0,0.0,0.0,0.0,0.00019890069868980408
1-gram (Authors),0.196,0.001,0.001,0.001,0.348
2-gram (Ours),0.19222,0.09345,0.0431,0.02023,0.018949177579765792
2-gram (Authors),0.194,0.098,0.043,0.013,0.404
3-gram (Ours),0.19694,0.09552,0.05092,0.02779,0.02958759050506706
3-gram (Authors),0.206,0.107,0.057,0.031,0.435
